Rk,Player,Nation,Pos,Squad,Age,Born,90s,CrdY,CrdR,2CrdY,Fls,Fld,Off,Crs,Int,TklW,PKwon,PKcon,OG,Recov,Won,Lost,Won%,Matches,-9999
1,Marcos Acuña,ar ARG,DF,Sevilla,31-028,1991,6.1,0.66,0.16,0,2.3,1.31,0,9.02,1.8,1.64,0,0.16,0,8.36,1.64,0.98,62.5,Matches,81442ecb
2,Álvaro Aguado,es ESP,MF,Valladolid,26-208,1996,8.3,0.12,0,0,0.48,1.08,0,2.17,0.6,0.12,0,0.12,0,5.42,0.96,1.08,47.1,Matches,014aa7bd
3,Joseph Aidoo,gh GHA,DF,Celta Vigo,27-057,1995,14,0.14,0,0,0.64,0.43,0,0,0.79,1.21,0,0.07,0,6.14,1.71,1.79,49,Matches,18abe173
4,Sergio Akieme,es ESP,DF,Almería,24-344,1997,14,0.21,0,0,0.86,0.64,0,2.64,0.64,0.93,0,0,0,4.93,0.64,0.57,52.9,Matches,06efa9dc
6,David Alaba,at AUT,DF,Real Madrid,30-154,1992,12.9,0.23,0,0,0.47,0.16,0,1.24,0.85,0.39,0,0,0,4.73,0.31,0.23,57.1,Matches,05439de2
8,Jordi Alba,es ESP,DF,Barcelona,33-249,1989,7.6,0.26,0,0,0.92,0.26,0.66,4.47,0.53,1.18,0,0,0,6.71,0.39,0.66,37.5,Matches,4.60E+197
9,Raúl Albiol,es ESP,DF,Villarreal,37-082,1985,12.9,0.31,0,0,0.7,0.85,0,0.08,0.7,0.7,0,0,0,4.26,1.94,0.85,69.4,Matches,4bd414c1
10,Rubén Alcaraz,es ESP,MF,Cádiz,31-208,1991,5.7,0.88,0.18,0.18,1.75,2.28,0,1.58,0.7,1.58,0,0,0,7.02,1.23,1.05,53.8,Matches,036bba5f
12,Iván Alejo,es ESP,MFFW,Cádiz,27-288,1995,7.3,0.68,0,0,3.15,2.74,0.14,6.03,0.27,2.05,0,0,0,4.66,1.92,1.23,60.9,Matches,3d7e48ce
13,Carles Aleñá,es ESP,MF,Getafe,24-324,1998,11.4,0.53,0,0,2.11,2.46,0.09,1.14,0.18,0.7,0,0,0,4.82,0.61,1.14,35,Matches,6c811eb7
17,Domingos André Ribeiro Almeida,pt POR,MFFW,Valencia,22-179,2000,7.8,0,0,0,1.41,1.28,0,2.18,0.64,0.9,0,0,0,5.38,0.9,1.54,36.8,Matches,e6697917
18,Marcos Alonso,es ESP,DF,Barcelona,31-332,1990,5,0.2,0,0,0.6,0.8,0,0.8,1.2,0.8,0,0,0,5.2,1.4,1,58.3,Matches,f4290206
20,Yeray Álvarez,es ESP,DF,Athletic Club,27-305,1995,11.7,0.17,0,0,0.77,0.94,0,0.51,2.22,0.85,0,0,0,7.52,2.22,1.37,61.9,Matches,3ecc11d8
23,Fabrizio Angileri,ar ARG,DF,Getafe,28-255,1994,5.7,0.35,0.18,0,1.05,0.18,0,1.58,1.05,0.88,0,0.18,0,2.81,2.46,1.23,66.7,Matches,fdd26d71
25,Mauro Arambarri,uy URU,MF,Getafe,27-056,1995,5.7,0.35,0.18,0.18,1.58,1.4,0,4.39,0.88,0.7,0,0,0,5.26,0.7,0.88,44.4,Matches,58afe001
26,Ronald Araújo,uy URU,DF,Barcelona,23-263,1999,5.7,0.35,0,0,0.35,0.53,0.18,0.18,1.23,1.23,0,0,0,3.33,2.11,1.4,60,Matches,2bef2bca
29,Sergio Asenjo,es ESP,GK,Valladolid,33-150,1989,5,0,0,0,0,0.4,0,0,0,0,0,0,0,2.6,0,0,,Matches,9f0ea33f
31,Iago Aspas,es ESP,FW,Celta Vigo,35-116,1987,12.5,0.24,0,0,0.32,2.48,0.48,1.44,0.32,0,0,0,0,3.6,0.72,1.6,31,Matches,7dcf86f6
33,Ezequiel Ávila,ar ARG,FWMF,Osasuna,28-292,1994,9.3,0.32,0.11,0,0.86,2.47,0.97,4.62,0.43,0.32,0,0,0,3.23,2.04,2.15,48.7,Matches,253a06b9
34,Iddrisu Baba,gh GHA,MF,Mallorca,26-307,1996,6.1,0.33,0,0,1.97,1.64,0,0,0.66,0.98,0,0,0,5.9,1.15,1.15,50,Matches,bfd381b3
35,Srđan Babić,rs SRB,DF,Almería,26-217,1996,12.5,0.08,0,0,0.64,0.16,0,0.16,0.56,0.48,0,0,0,4,1.52,0.88,63.3,Matches,075fe5a3
36,Édgar Badía,es ESP,GK,Elche,30-286,1992,14,0.14,0,0,0.07,0.14,0,0,0,0,0,0.07,0,0.79,0.14,0,100,Matches,e4346678
37,Alex Baena,es ESP,MFFW,Villarreal,21-128,2001,7,0.86,0.14,0.14,3.29,2,0.14,1,0.29,0.57,0.14,0,0,4.71,0,0.57,0,Matches,518f2234
38,Alejandro Balde,es ESP,DF,Barcelona,19-038,2003,10.8,0.19,0,0,0.65,1.11,0.19,1.02,0.56,1.2,0,0,0,6.2,0.37,0.65,36.4,Matches,5ccc9672
40,Iván Balliu,al ALB,DF,Rayo Vallecano,30-328,1992,14,0.14,0,0,1.21,0.93,0.21,3.93,0.93,0.79,0,0,0.07,3.71,0.79,0.64,55,Matches,cee88597
41,Léo Baptistão,br BRA,FWMF,Almería,30-091,1992,6.3,0.48,0,0,2.38,0.95,0.79,1.27,1.27,1.43,0,0,0,6.35,1.11,2.86,28,Matches,35f6db55
46,Rodrigo Battaglia,ar ARG,MF,Mallorca,31-136,1991,6.6,0.76,0,0,1.52,1.52,0,0.15,0.76,0.61,0,0.3,0,4.09,1.36,1.06,56.3,Matches,d637fc22
49,Fran Beltrán,es ESP,MF,Celta Vigo,23-295,1999,12.5,0.08,0,0,0.8,0.24,0.16,0.56,1.12,0.48,0,0,0,6,0.56,1.6,25.9,Matches,ed5c5fa3
50,Karim Benzema,fr FRA,FW,Real Madrid,34-341,1987,7,0,0,0,0.43,0.57,1.71,0,0.14,0.29,0.29,0,0,1.57,0.43,0.29,60,Matches,70d74ece
52,Álex Berenguer,es ESP,FW,Athletic Club,27-144,1995,11.4,0,0,0,2.11,1.05,0.7,4.65,0.18,1.23,0,0,0,4.56,1.58,1.49,51.4,Matches,dc1c2fce
53,Pedro Bigas,es ESP,DF,Elche,32-071,1990,10.8,0.28,0,0,0.56,0.65,0,0.19,1.76,0.93,0.09,0.09,0,5,0.83,0.46,64.3,Matches,697295b1
54,El Bilal Touré,ml MLI,FW,Almería,21-053,2001,6.3,0,0,0,1.59,0.16,0.63,0.16,0,0.16,0,0,0,3.02,3.17,2.22,58.8,Matches,47c609d5
56,Theo Bongonda,cd COD,MF,Cádiz,27-005,1995,5,0,0,0,0.4,1.2,0.2,2,0.2,0.8,0,0,0,3.6,0.6,0.6,50,Matches,0da6a13e
58,Yassine Bounou,ma MAR,GK,Sevilla,31-234,1991,11.5,0.17,0,0,0,0.09,0,0,0.09,0.09,0,0,0,1.48,0,0.09,0,Matches,f6798fc3
59,Lucas Boyé,ar ARG,FW,Elche,26-270,1996,8.1,0.25,0.12,0,2.1,1.6,0.25,0.74,0.74,0.62,0,0,0,3.33,0.99,1.85,34.8,Matches,d49f3e6b
60,Martin Braithwaite,dk DEN,FWMF,Espanyol,31-173,1991,7.8,0.26,0.13,0,1.15,1.15,0.77,0.51,0.13,0,0,0,0,2.82,1.41,2.05,40.7,Matches,fd771f95
62,Darko Brašanac,rs SRB,MF,Osasuna,30-286,1992,5.4,0.56,0,0,1.11,1.48,0.19,0.56,1.3,1.3,0,0,0,5.19,1.3,1.3,50,Matches,4accb7e0
64,Ante Budimir,hr CRO,FW,Osasuna,31-126,1991,6.2,0.16,0,0,2.42,1.45,0.81,0.16,0.32,0.16,0.16,0,0,1.61,4.52,4.84,48.3,Matches,8f3565b3
65,Santiago Bueno,uy URU,DF,Girona,24-016,1998,14,0.14,0,0,1.36,1,0,0.07,1.36,0.93,0.07,0,0,4.43,2.64,1.36,66.1,Matches,edc98fac
66,Sergio Busquets,es ESP,MF,Barcelona,34-132,1988,10.1,0.59,0.1,0.1,1.19,1.88,0,0.1,1.19,1.09,0,0,0,6.73,2.48,1.88,56.8,Matches,5ab0ea87
67,Leandro Cabrera,uy URU,DF,Espanyol,31-161,1991,12.3,0.08,0.08,0,0.98,0.57,0.08,0.24,1.63,0.41,0,0,0,4.96,2.93,1.54,65.5,Matches,69cbc8b6
69,Fernando Calero,es ESP,DF,Espanyol,27-072,1995,9.7,0.1,0,0,0.82,0.52,0.1,0.41,0.82,1.55,0,0,0,4.74,1.44,1.24,53.8,Matches,41b3069f
70,Eduardo Camavinga,fr FRA,MF,Real Madrid,20-015,2002,5.7,0.18,0,0,1.4,3.86,0.18,0.18,0.53,2.28,0,0,0,6.14,0.88,0.88,50,Matches,7b9c2d84
71,Sergio Camello,es ESP,FW,Rayo Vallecano,21-288,2001,10.4,0,0,0,0.38,0.77,0.87,0.1,0,0.48,0,0,0,2.21,1.06,2.02,34.4,Matches,873619c6
72,Sergio Canales,es ESP,MFFW,Betis,31-282,1991,9.5,0.42,0.11,0.11,0.21,1.37,0.21,6.11,0.21,0.42,0,0,0,4.11,0.74,0.53,58.3,Matches,a6de370d
74,Étienne Capoue,fr FRA,MF,Villarreal,34-137,1988,9.3,0.11,0,0,0.75,1.08,0,0.43,1.08,0.86,0,0,0,4.73,1.61,0.97,62.5,Matches,5acc4a10
75,Isaac Carcelen,es ESP,DF,Cádiz,29-216,1993,5,0,0.4,0,1.4,0.6,0,1.6,1,2.8,0,0.2,0,5.2,0.6,1.6,27.3,Matches,c4b888df
76,Juan Carlos,es ESP,GK,Girona,34-309,1988,10,0,0,0,0,0,0,0,0.1,0,0,0,0,1.6,0.1,0,100,Matches,688b96e3
80,Yannick Carrasco,be BEL,DFFW,Atlético Madrid,29-082,1993,8.2,0.12,0,0,1.34,0.73,0.24,3.78,0.49,1.22,0,0,0,4.39,0.24,0.12,66.7,Matches,de39485a
81,Dani Carvajal,es ESP,DF,Real Madrid,30-318,1992,9.7,0.31,0,0,1.03,0.82,0.31,2.06,1.13,0.93,0,0.1,0,5.67,0.41,0.52,44.4,Matches,4958bfb2
82,William Carvalho,pt POR,MF,Betis,30-232,1992,10.3,0.29,0,0,1.26,1.55,0.1,0.19,0.49,0.78,0,0,0,5.63,0.87,0.87,50,Matches,dee86451
85,Valentín Castellanos,ar ARG,FW,Girona,24-053,1998,12.4,0.32,0,0,1.21,1.69,1.37,0.24,0.32,0.24,0,0,0,2.02,1.05,2.42,30.2,Matches,da76bab4
86,Samu Castillejo,es ESP,FW,Valencia,27-311,1995,6.8,0.59,0,0,2.65,2.79,0.29,3.97,0.44,0.29,0,0,0,4.56,0.44,1.32,25,Matches,130a7a3f
87,Catena,es ESP,DF,Rayo Vallecano,28-028,1994,14,0.36,0,0,0.86,0.57,0.07,0.07,0.5,0.14,0,0,0,5,1.93,0.79,71.1,Matches,274ab13c
90,Franco Cervi,ar ARG,MF,Celta Vigo,28-183,1994,11.3,0,0.09,0,1.15,1.59,0.09,3.89,1.77,1.68,0,0,0,6.28,0.27,1.24,17.6,Matches,5e1028e5
93,Samuel Chukwueze,ng NGA,FWMF,Villarreal,23-187,1999,6,0.17,0,0,1,1.67,0.33,1.17,0.33,0.33,0,0,0,4.5,1,0.17,85.7,Matches,b8a642fc
94,Víctor Chust,es ESP,DF,Cádiz,22-265,2000,9.5,0.32,0,0,0.84,0.21,0.11,0,1.05,0.63,0,0.11,0,4.74,1.68,1.58,51.6,Matches,ec1a731e
95,Pathé Ciss,sn SEN,MFDF,Rayo Vallecano,28-254,1994,7.1,0.42,0,0,2.54,1.13,0,0,1.69,2.54,0,0,0,6.9,1.69,1.41,54.5,Matches,9a0408b6
96,Carlos Clerc,es ESP,DF,Elche,30-277,1992,9.6,0.1,0,0,0.83,0.73,0.1,2.71,0.73,1.56,0,0,0,3.85,0.52,0.42,55.6,Matches,33a61a52
97,Álex Collado,es ESP,MFFW,Elche,23-217,1999,5.7,0,0,0,1.23,1.05,0.18,1.75,0.18,1.93,0,0,0,4.04,0.7,0.88,44.4,Matches,85dace26
98,Eray Cömert,ch SUI,DF,Valencia,24-294,1998,9.7,0.31,0.1,0,1.65,0.93,0,0.1,1.24,0.72,0,0,0,6.8,2.99,1.96,60.4,Matches,1.59E+21
99,Santi Comesaña,es ESP,MF,Rayo Vallecano,26-051,1996,8.1,0.25,0,0,2.1,1.23,0.12,0.62,1.36,1.73,0,0,0,6.67,1.23,1.98,38.5,Matches,5ae499d0
100,Copete,es ESP,DF,Mallorca,23-046,1999,11.1,0.27,0,0,1.62,1.17,0.09,0.27,2.25,1.44,0,0.09,0,4.68,1.08,0.72,60,Matches,0f26ffd7
101,Francis Coquelin,fr FRA,MF,Villarreal,31-196,1991,5.8,0.34,0,0,1.03,0.86,0,0.69,1.03,1.55,0,0,0,4.66,1.03,0.52,66.7,Matches,a6951bf8
103,Ángel Correa,ar ARG,FWMF,Atlético Madrid,27-261,1995,5.7,0.18,0,0,1.58,1.23,0.53,2.46,1.23,0.35,0,0,0,3.16,0.18,0.88,16.7,Matches,01eb744d
104,Thierry Correia,pt POR,DF,Valencia,23-261,1999,13.5,0.22,0,0,1.7,2.22,0,3.41,1.19,1.63,0.07,0,0,6.15,0.96,1.11,46.4,Matches,c78b352d
105,Jaume Costa,es ESP,DF,Mallorca,34-252,1988,10.7,0.37,0,0,1.21,1.59,0.09,2.62,0.37,1.03,0,0,0,4.58,0.93,0.93,50,Matches,808d48f3
106,Samu Costa,pt POR,MF,Almería,21-363,2000,8.5,0.35,0,0,2.59,1.76,0.24,0.24,1.53,1.06,0,0,0,6.24,0.94,0.71,57.1,Matches,76c2a023
107,Thibaut Courtois,be BEL,GK,Real Madrid,30-198,1992,10,0,0,0,0,0,0,0,0,0,0,0,0,1.5,0.2,0,100,Matches,1840e36d
108,Yan Couto,br BRA,DFFW,Girona,20-175,2002,5.6,0.18,0,0,0.89,0.89,0,4.82,0.54,1.61,0,0,0,7.32,0.18,0.54,25,Matches,1944818c
109,Juan Cruz Armada,es ESP,DF,Osasuna,30-120,1992,11.2,0.36,0,0,0.8,0.27,0.09,1.96,0.54,0.71,0,0,0,4.02,0.45,0.71,38.5,Matches,a56da3ba
115,Sergi Darder,es ESP,MF,Espanyol,28-338,1993,13.7,0.15,0,0,0.88,2.12,0,5.84,0.95,0.95,0,0,0,5.04,0.07,0.22,25,Matches,070a3904
116,Rodrigo De Paul,ar ARG,MF,Atlético Madrid,28-185,1994,7.4,0.27,0,0,1.22,2.57,0,2.84,0.27,0.14,0,0,0,4.19,0.27,0.54,33.3,Matches,162efffd
120,Ousmane Dembélé,fr FRA,FW,Barcelona,25-194,1997,9.6,0.31,0,0,1.15,0.73,0.31,6.04,0,0.94,0,0,0,3.13,0.21,0.63,25,Matches,b19db005
122,Mouctar Diakhaby,gn GUI,DF,Valencia,25-341,1996,8.8,0.57,0.11,0.11,1.02,0.34,0,0,0.8,0.91,0,0,0,5,1.14,1.93,37,Matches,d2110326
124,Stole Dimitrievski,mk MKD,GK,Rayo Vallecano,28-335,1993,13,0.23,0,0,0,0.08,0,0,0,0,0,0,0,1,0.08,0,100,Matches,fc70e345
126,Djené,tg TOG,DF,Getafe,30-329,1991,11.1,0.36,0,0,1.44,1.35,0.09,0.27,1.08,0.45,0,0.09,0,6.31,1.17,0.63,65,Matches,a4971d84
131,Domingos Duarte,pt POR,DF,Getafe,27-260,1995,12.5,0.4,0,0,1.04,0.88,0,0,1.44,0.56,0,0,0.08,2.88,1.6,0.64,71.4,Matches,93090f69
134,Íñigo Eguaras,es ESP,MF,Almería,30-263,1992,5.5,0.36,0,0,0.55,0.55,0,0.36,0.73,1.09,0,0,0,6.91,0.36,0.18,66.7,Matches,3e93f8cf
135,Aritz Elustondo,es ESP,DF,Real Sociedad,28-242,1994,6.9,0.43,0.14,0,1.74,0.72,0,0.43,1.3,1.3,0,0,0,3.77,1.74,2.17,44.4,Matches,f7dc2ae5
136,Rodrigo Ely,br BRA,DF,Almería,29-022,1993,13.7,0.29,0.07,0.07,0.73,0.29,0.15,0,1.17,0.51,0,0,0,4.01,2.41,0.66,78.6,Matches,fd47b4f2
140,Sergio Escudero,es ESP,DF,Valladolid,33-084,1989,7.9,0.25,0,0,1.14,1.01,0.13,2.91,1.27,1.9,0,0,0,5.82,1.65,1.39,54.2,Matches,b0616e3d
141,Alfonso Espino,uy URU,DF,Cádiz,30-324,1992,12.7,0.24,0,0,1.65,0.79,0,1.81,0.94,1.81,0,0.16,0,6.54,0.55,1.1,33.3,Matches,db001fa9
142,Bernardo Espinosa,co COL,DF,Girona,33-137,1989,5.5,0.36,0,0,0.91,0.91,0,0,0.55,0,0,0.18,0,6,4.55,1.27,78.1,Matches,4242011c
143,Edu Expósito,es ESP,MF,Espanyol,26-116,1996,8.6,0,0,0,1.28,1.74,0,2.56,1.05,1.74,0,0,0,5.47,0.93,1.05,47.1,Matches,283c7121
147,Fali,es ESP,DFMF,Cádiz,29-105,1993,6.2,0.32,0,0,0.48,0.97,0,0,0.48,0.97,0,0,0,5.32,1.29,1.29,50,Matches,72a84002
148,Ansu Fati,es ESP,FW,Barcelona,20-025,2002,5.2,0,0,0,0.96,0.96,1.15,0.77,0.58,0.96,0,0,0,4.23,0.38,0.96,28.6,Matches,0ba976e4
153,João Félix,pt POR,FW,Atlético Madrid,23-015,1999,5.7,0.88,0,0,2.46,2.98,0.53,1.4,0.53,0.88,0,0,0,2.11,1.05,1.23,46.2,Matches,8aafd64f
154,Kiko Femenía,es ESP,DF,Villarreal,31-296,1991,9.4,0,0,0,0.64,0.64,0,2.55,1.49,0.32,0,0,0,4.04,0.64,0.21,75,Matches,e5d01ecf
156,Álex Fernández,es ESP,MFFW,Cádiz,30-041,1992,7.8,0,0,0,0.26,0.64,0,1.92,0.51,0.26,0,0,0,3.85,0.77,0.64,54.5,Matches,aa677a35
160,Joaquín Fernández,es ESP,DF,Valladolid,26-178,1996,10.6,0.19,0,0,0.66,0.47,0.19,0,1.13,1.23,0,0,0,3.4,2.17,1.32,62.2,Matches,b86a64b2
161,Fernando,es ESP,GK,Almería,32-168,1990,13,0.08,0,0,0,0.23,0,0,0,0,0,0,0,1.15,0,0,,Matches,dabb2827
162,Fernando,br BRA,MFDF,Sevilla,35-123,1987,5.5,0.36,0,0,0.91,0.73,0,0.36,1.64,1.64,0,0,0,7.45,0.36,0.91,28.6,Matches,41f32541
166,Iván Fresneda,es ESP,DF,Valladolid,18-058,2004,5.2,0,0,0,0.58,0.58,0,3.27,1.54,1.92,0,0,0,5,0.58,0.77,42.9,Matches,29d0f2ac
167,Javi Galán,es ESP,DF,Celta Vigo,28-006,1994,13.9,0.14,0,0,1.44,2.23,0.29,4.1,0.58,2.09,0,0,0,6.19,0.72,0.65,52.6,Matches,a4b00319
168,Iñigo Ruiz de Galarreta,es ESP,MF,Mallorca,29-111,1993,9.5,0.53,0,0,2.21,1.68,0,1.26,1.16,1.79,0,0,0,6.21,0.32,0.63,33.3,Matches,91f7631f
169,Aleix García,es ESP,MF,Girona,25-150,1997,13.8,0.07,0,0,0.8,1.3,0,6.81,1.23,0.51,0,0,0,4.35,0.51,0.22,70,Matches,a10361d2
170,Álvaro García,es ESP,FW,Rayo Vallecano,30-029,1992,12.2,0.16,0,0,1.31,1.15,0.33,4.67,0.57,0.74,0.08,0,0,5,0.33,0.33,50,Matches,90bbd822
172,David García,es ESP,DF,Osasuna,28-284,1994,11.5,0.52,0.09,0,1.91,0.96,0,0.09,1.65,0.7,0,0.09,0,4.78,2.61,1.39,65.2,Matches,3e42f707
173,Eric García,es ESP,DF,Barcelona,21-320,2001,6.8,0.29,0,0,1.62,0.15,0,0,1.32,1.03,0,0.15,0,5.88,1.18,0.59,66.7,Matches,2bed3eab
174,Francisco Garcia,es ESP,DF,Rayo Vallecano,23-103,1999,14,0,0,0,0.79,0.64,0.14,5.14,1.14,1,0,0.07,0,5.43,0.14,0.79,15.4,Matches,7226539b
177,Unai García,es ESP,DF,Osasuna,30-295,1992,12.4,0.32,0.08,0,0.97,0.16,0,0.16,1.29,0.56,0,0.08,0,4.76,1.69,1.45,53.8,Matches,4a633cfe
179,Gavi,es ESP,MF,Barcelona,18-112,2004,8.9,0.22,0,0,3.82,1.91,0.45,2.13,1.01,1.24,0,0,0,4.83,1.35,0.79,63.2,Matches,19cae58d
181,Óscar Gil,es ESP,DF,Espanyol,25-213,1997,9.6,0.42,0,0,1.77,1.46,0,1.77,0.94,1.35,0,0,0,3.65,0.42,1.67,20,Matches,6652cf96
185,Moi Gómez,es ESP,MFFW,Osasuna,28-155,1994,12.7,0.16,0,0,0.55,0.79,0.08,5.2,0.47,0.47,0,0,0,5.28,0.39,1.18,25,Matches,5a626448
186,Papu Gómez,ar ARG,FWMF,Sevilla,34-283,1988,7.2,0.56,0,0,0.56,1.81,0.28,3.33,0.56,0.56,0,0.14,0,3.47,0.28,0.42,40,Matches,6e4df551
187,Sergi Gómez,es ESP,DF,Espanyol,30-242,1992,9.9,0,0.1,0,0.51,0.2,0,0.2,1.21,0.51,0,0,0,4.65,1.31,1.62,44.8,Matches,bc6f5f06
189,Édgar González,es ESP,DF,Betis,25-238,1997,9.4,0.43,0.11,0.11,0.64,0.85,0,0,1.06,1.17,0,0,0,4.26,2.77,1.06,72.2,Matches,49d028db
191,Nicolás González,es ESP,MF,Valencia,20-326,2002,5.7,0.18,0,0,1.93,0.88,0,0.18,0.7,0.88,0,0.18,0.18,6.49,1.58,1.58,50,Matches,2c56a792
193,Andoni Gorosabel,es ESP,DF,Real Sociedad,26-113,1996,7.9,0.25,0,0,0.63,0.76,0,2.03,0.89,0.89,0,0,0,3.54,0.63,1.65,27.8,Matches,6f5f82c0
196,Antoine Griezmann,fr FRA,FWMF,Atlético Madrid,31-249,1991,8.6,0,0,0,0.81,1.16,0.35,6.4,0.81,1.28,0,0,0,5.23,0.81,1.05,43.8,Matches,df69b544
197,Arnaut Groeneveld,nl NED,FW,Villarreal,25-298,1997,5.3,0,0,0,0.38,1.32,0.57,1.13,0,0.57,0,0,0,1.7,0,0.57,0,Matches,f08490a6
200,Nemanja Gudelj,rs SRB,DFMF,Sevilla,31-009,1991,11.5,0.35,0,0,0.78,0.96,0,0,0.87,0.87,0,0,0,2.78,1.39,0.61,69.6,Matches,0076ab7f
202,Hugo Guillamón,es ESP,MF,Valencia,22-298,2000,10.2,0.39,0,0,2.16,2.35,0,2.06,0.98,0.39,0,0.1,0.1,5.69,1.18,1.08,52.2,Matches,f7c12fbf
203,Gerard Gumbau,es ESP,MF,Elche,27-342,1994,9.2,0.54,0,0,2.07,0.65,0,4.46,0.65,0.76,0,0,0,4.89,0.54,0.98,35.7,Matches,ac454a4f
205,Raúl Guti,es ESP,MF,Elche,25-330,1996,7.2,0.14,0,0,0.56,1.94,0,0.28,0.97,1.11,0,0,0,5.14,0.28,0.42,40,Matches,0b2c8585
206,Miguel Gutiérrez,es ESP,DF,Girona,21-121,2001,10.1,0.3,0,0,0.79,0.79,0,3.96,0.5,0.59,0,0,0,5.64,0,0.5,0,Matches,7e98cff1
209,Luiz Henrique,br BRA,FW,Betis,21-327,2001,8.2,0.12,0,0,0.49,1.83,0.24,1.22,0.73,1.95,0,0,0,5,1.22,2.56,32.3,Matches,8059806f
212,Luis Hernández,es ESP,DF,Cádiz,33-225,1989,12,0.17,0.08,0.08,0.58,0.17,0.17,0.42,0.92,0.42,0,0,0,4.33,1.33,0.92,59.3,Matches,02d2c436
214,Sergio Herrera,es ESP,GK,Osasuna,29-173,1993,10,0.3,0,0,0.1,0.1,0,0,0.1,0,0,0.1,0,0.8,0.2,0.1,66.7,Matches,a4995f48
215,Yangel Herrera,ve VEN,MF,Girona,24-322,1998,7,0.14,0,0,3,2.14,0.14,2.14,0.29,1,0,0,0,4.29,1.29,2.86,31,Matches,e778654a
218,Iglesias,es ESP,DF,Getafe,24-145,1998,11.4,0.26,0,0,1.75,0.96,0,4.04,0.7,1.58,0,0,0,5.61,0.44,0.44,50,Matches,974322dc
219,Borja Iglesias,es ESP,FW,Betis,29-312,1993,10.6,0,0.09,0,2.26,2.64,0.85,0,0,0.38,0,0,0,1.6,0.85,1.42,37.5,Matches,75645f0e
222,Isco,es ESP,MFFW,Sevilla,30-218,1992,8.9,0.56,0,0,1.24,3.82,0.67,2.02,1.12,1.01,0,0,0,5.39,0.56,1.57,26.3,Matches,a0b4bb3e
223,Nicolas Jackson,sn SEN,FW,Villarreal,21-158,2001,8.6,0.12,0,0,2.33,1.28,0.58,0.47,0.12,0.7,0,0,0,3.14,0.47,1.86,20,Matches,9c36ed83
227,Frenkie de Jong,nl NED,MF,Barcelona,25-197,1997,10,0,0,0,1.2,1.2,0.1,0.7,1.6,1,0,0,0,7.1,0.6,0.4,60,Matches,1bacc518
228,Joan Jordán,es ESP,MFDF,Sevilla,28-142,1994,7.6,0.26,0,0,1.97,0.53,0,0.13,0.66,0.92,0,0,0,6.18,0.66,0.66,50,Matches,2a0c8ba4
231,Joselu,es ESP,FW,Espanyol,32-243,1990,14,0.07,0,0,0.57,2.21,0.43,0.36,0.21,0.07,0.07,0,0,2.43,5.07,3.21,61.2,Matches,6265208f
233,Juanpe,es ESP,DF,Girona,31-209,1991,6.8,0.29,0,0,0.74,0.15,0,0.15,0.74,0.59,0,0,0,3.24,1.62,0.59,73.3,Matches,1633fc8a
235,Vinicius Júnior,br BRA,FW,Real Madrid,22-136,2000,13.6,0.22,0,0,1.69,3.6,0.66,1.4,0.37,0.81,0,0,0,3.01,0,0.29,0,Matches,7111d552
236,Kaiky,br BRA,DF,Almería,18-317,2004,5.4,0.93,0,0,1.3,0.56,0,0.19,2.04,0.93,0,0.19,0,3.52,0.93,1.3,41.7,Matches,55634fb8
237,Lee Kangin,kr KOR,MFFW,Mallorca,21-279,2001,12.1,0.33,0,0,1.4,1.57,0,5.79,0.17,0.66,0,0,0,2.64,0.25,2.15,10.3,Matches,8455ad90
242,Justin Kluivert,nl NED,FWMF,Valencia,23-204,1999,5.8,0.17,0,0,1.38,1.21,0,3.28,0.52,0.86,0.17,0,0,4.83,0.69,1.21,36.4,Matches,4c3a6744
243,Koke,es ESP,MF,Atlético Madrid,30-321,1992,8.2,0.24,0,0,0.98,1.46,0,1.59,0.12,1.59,0,0,0,5.85,0.49,0.37,57.1,Matches,55126f3b
245,Geoffrey Kondogbia,cf CTA,MF,Atlético Madrid,29-283,1993,8,0.38,0,0,1.38,0.88,0.13,0,2.25,1.5,0,0,0,9,1.25,0.88,58.8,Matches,cce181df
246,Jules Koundé,fr FRA,DF,Barcelona,24-013,1998,6.4,0,0,0,0.78,0.16,0,0.94,0.63,0.78,0,0,0,6.09,1.41,0.31,81.8,Matches,4d1666ff
247,Toni Kroos,de GER,MF,Real Madrid,32-325,1990,9.5,0.21,0.11,0.11,1.05,1.16,0,5.26,0.84,1.26,0,0,0,5.37,0.32,0.32,50,Matches,6ce1f46f
248,Takefusa Kubo,jp JPN,FWMF,Real Sociedad,21-174,2001,9.4,0,0,0,1.38,1.49,0.96,3.09,0.21,0.74,0,0,0,3.19,0.74,1.17,38.9,Matches,16aa3654
249,César de la Hoz,es ESP,MF,Almería,30-240,1992,6.5,0.62,0,0,2,0.46,0,0.15,0.77,1.08,0,0.15,0,4.15,0.92,1.08,46.2,Matches,60abea75
251,Érik Lamela,ar ARG,FWMF,Sevilla,30-266,1992,10.6,0.47,0.09,0.09,3.49,0.94,0.38,1.32,0.19,1.13,0,0,0,4.25,0.47,1.6,22.7,Matches,abe66106
255,Robin Le Normand,fr FRA,DF,Real Sociedad,26-014,1996,9.1,0.33,0,0,1.43,0.99,0.11,0,0.99,0.55,0,0,0,4.18,2.42,0.88,73.3,Matches,9a64e67e
256,Benjamin Lecomte,fr FRA,GK,Espanyol,31-213,1991,10,0.1,0.1,0,0.1,0,0,0,0,0,0,0,0.1,1.6,0,0,,Matches,2fa2a875
257,Jeremías Ledesma,ar ARG,GK,Cádiz,29-285,1993,14,0,0,0,0.07,0.07,0,0,0.14,0,0,0.07,0,0.86,0,0,,Matches,6c4776b1
258,Florian Lejeune,fr FRA,DF,Rayo Vallecano,31-189,1991,10.5,0.38,0.1,0.1,0.86,0.29,0.19,0.1,0.57,0.48,0,0,0,3.9,1.9,0.76,71.4,Matches,6eaed4eb
259,Iñigo Lekue,es ESP,DF,Athletic Club,29-205,1993,10.5,0.1,0,0,0.95,0.29,0.1,2.57,1.14,0.86,0,0,0,8.38,1.14,0.57,66.7,Matches,59b7d823
261,Sergio León,es ESP,FW,Valladolid,33-323,1989,6.9,0,0,0,0.58,1.59,1.16,0.58,0,0.29,0,0,0,2.46,1.45,2.46,37,Matches,0a0cc13c
262,Robert Lewandowski,pl POL,FW,Barcelona,34-096,1988,11.8,0.17,0.08,0.08,1.61,1.61,0.59,0.76,0,0.34,0,0,0,1.78,1.36,1.61,45.7,Matches,8d78e732
263,Pol Lirola,es ESP,DF,Elche,25-104,1997,6.1,0.16,0,0,0.49,0.49,0,4.75,0.98,0.98,0,0,0,6.56,1.31,0.98,57.1,Matches,ff800ed8
265,Marcos Llorente,es ESP,DFMF,Atlético Madrid,27-299,1995,7.4,0.14,0,0,1.35,1.08,0.14,2.43,1.08,0.95,0,0,0,4.19,0.41,0.95,30,Matches,02c15616
266,Giovani Lo Celso,ar ARG,MFFW,Villarreal,26-230,1996,5.8,0.17,0,0,1.21,2.41,0.52,0.86,0.86,2.93,0,0,0,4.48,0.17,0.34,33.3,Matches,d7553721
267,David López,es ESP,DFMF,Girona,33-047,1989,7.7,0.26,0,0,0.78,0.78,0.13,0,0.52,0.78,0,0,0,5.32,1.82,1.56,53.8,Matches,f03f284b
269,Unai López,es ESP,MF,Rayo Vallecano,27-026,1995,6.2,0,0,0,1.61,1.45,0,3.87,1.13,0.65,0,0,0,6.77,0.48,0.97,33.3,Matches,88050721
270,Anthony Lozano,hn HON,FW,Cádiz,29-214,1993,8.4,0.24,0,0,2.5,1.9,0.48,0.36,0.24,0.12,0,0,0,2.74,3.81,5,43.2,Matches,38699c72
272,José Luis Gayà,es ESP,DF,Valencia,27-184,1995,9.6,0.1,0,0,0.52,0.52,0.52,7.92,1.15,1.35,0.1,0,0,4.9,0.83,0.52,61.5,Matches,b05e2dbd
276,Pablo Maffeo,es ESP,DF,Mallorca,25-136,1997,11.3,0.27,0.09,0,1.06,1.77,0.18,3.36,0.88,1.33,0,0,0,4.34,1.06,1.33,44.4,Matches,5db04597
278,Nemanja Maksimović,rs SRB,MF,Getafe,27-303,1995,7.9,0,0,0,0.63,0.63,0,0.51,1.27,0.51,0,0,0,3.67,1.01,0.76,57.1,Matches,00b28772
279,Hugo Mallo,es ESP,DF,Celta Vigo,31-156,1991,9.7,0.31,0,0,2.27,0.82,0.21,3.71,0.62,0.82,0,0.1,0,4.64,1.75,1.03,63,Matches,cb574619
281,Giorgi Mamardashvili,ge GEO,GK,Valencia,22-057,2000,14,0.07,0,0,0.07,0.14,0,0,0,0,0,0.07,0,1.86,0.21,0.07,75,Matches,d4b73232
282,Reinildo Mandava,mz MOZ,DF,Atlético Madrid,28-308,1994,13.8,0.14,0,0,1.81,1.3,0,0.8,1.45,2.32,0,0,0,6.3,1.16,1.3,47.1,Matches,c20bdcd7
286,Agustín Marchesín,ar ARG,GK,Celta Vigo,34-254,1988,14,0.14,0,0,0,0.29,0,0,0,0,0,0,0,1.21,0.21,0,100,Matches,853b7c48
287,Óscar de Marcos,es ESP,DF,Athletic Club,33-225,1989,12,0.17,0,0,1.75,0.42,0.17,4.08,0.5,0.83,0,0,0,5.75,0.92,0.5,64.7,Matches,9f323c71
289,José María Giménez,uy URU,DF,Atlético Madrid,27-309,1995,8.2,0.61,0,0,0.98,0.24,0,0,1.34,0.98,0,0.12,0,5.85,2.07,1.22,63,Matches,f0da930c
294,Arnau Martinez,es ESP,DFMF,Girona,19-214,2003,9,0.22,0,0,0.78,2.33,0.22,2.44,0.89,1.11,0,0,0,4.89,1.22,1.22,50,Matches,c3e66ffe
295,Iñigo Martínez,es ESP,DF,Athletic Club,31-192,1991,9,0.11,0,0,0.89,1,0.22,0.22,1.56,0.33,0,0,0,6.33,1.78,0.89,66.7,Matches,3fc45c73
296,Omar Mascarell,es ESP,MF,Elche,29-296,1993,11.3,0.27,0,0,0.8,0.27,0,0.18,1.24,0.88,0,0,0,4.6,0.88,0.53,62.5,Matches,11fd2b75
297,Jordi Masip,es ESP,GK,Valladolid,33-326,1989,9,0.22,0,0,0,0.11,0,0,0,0,0,0,0,1.22,0.56,0,100,Matches,8fae77ea
299,Borja Mayoral,es ESP,FW,Getafe,25-234,1997,12.3,0.16,0,0,0.81,1.79,0.33,0.73,0,0.08,0.08,0,0,2.11,0.98,1.87,34.3,Matches,64e8ed6d
301,Gonzalo Melero,es ESP,MF,Almería,28-327,1994,6,0.33,0,0,1.33,2.67,0.17,0,0.33,0.83,0,0,0,5.83,0.5,0.83,37.5,Matches,3902e91b
302,Houboulang Mendes,fr FRA,DF,Almería,24-205,1998,5.5,0,0,0,1.27,0.36,0,3.45,0.55,1.09,0,0.18,0,3.27,0.18,0,100,Matches,1545cf15
303,Brais Méndez,es ESP,MF,Real Sociedad,25-322,1997,12.5,0.32,0,0,2.56,1.68,0,4.48,0.4,1.44,0,0,0,4.72,0.72,0.96,42.9,Matches,c9e39d91
304,Ferland Mendy,fr FRA,DF,Real Madrid,27-170,1995,9.8,0.2,0,0,0.41,1.43,0,0.61,1.02,0.61,0,0,0,4.8,0.61,0.41,60,Matches,3cefcaef
305,Mikel Merino,es ESP,MF,Real Sociedad,26-156,1996,12.5,0.32,0,0,2.64,1.52,0.08,0.8,1.04,1.52,0,0,0,7.68,3.6,1.76,67.2,Matches,d080ed5e
306,Roque Mesa,es ESP,MF,Valladolid,33-171,1989,9.6,0.42,0,0,2.19,1.56,0,0.83,0.73,0.73,0,0.1,0,8.02,0.42,0.63,40,Matches,7c4243d4
307,Éder Militão,br BRA,DF,Real Madrid,24-311,1998,10.1,0.1,0,0,1.29,1.58,0,0.2,1.19,0.99,0,0.1,0,5.74,2.08,1.68,55.3,Matches,2784f898
308,Luis Milla,es ESP,MF,Getafe,28-049,1994,7.2,0.28,0.14,0.14,1.39,0.56,0,3.33,1.25,1.67,0,0.14,0,7.22,1.11,1.25,47.1,Matches,19c36442
309,Pere Milla,es ESP,FWMF,Elche,30-063,1992,8.7,0.34,0,0,1.03,2.64,0.57,1.03,0.57,1.03,0,0,0,5.63,1.26,1.03,55,Matches,335039a2
311,Óscar Mingueza,es ESP,DF,Celta Vigo,23-196,1999,5.3,0.38,0,0,1.7,0.38,0,2.08,0.75,1.7,0,0.19,0,7.36,0.57,0.57,50,Matches,056269d7
312,Rafa Mir,es ESP,FW,Sevilla,25-160,1997,6.2,0.16,0,0,1.29,1.29,1.45,0.81,0.32,0.16,0,0,0,2.9,1.77,2.26,44,Matches,bbf5c11b
314,Stefan Mitrović,rs SRB,DF,Getafe,32-187,1990,11.5,0.26,0,0,0.61,0.26,0,0,0.87,0.26,0,0,0,3.39,2.09,0.7,75,Matches,e6777e6b
315,Luka Modrić,hr CRO,MF,Real Madrid,37-077,1985,10.3,0.29,0,0,1.26,0.58,0,2.72,0.39,0.39,0,0,0,3.98,0.68,0.39,63.6,Matches,6025fab1
318,Nahuel Molina,ar ARG,DF,Atlético Madrid,24-233,1998,10.3,0.19,0.1,0,0.58,0.49,0.1,4.27,0.49,1.26,0,0,0,4.17,0.68,1.46,31.8,Matches,23610943
319,Jon Moncayola,es ESP,MF,Osasuna,24-196,1998,9.7,0.21,0,0,1.55,0.52,0.1,1.34,0.1,0.72,0.1,0,0,4.95,0.41,0.31,57.1,Matches,9.94E+171
320,Monchu,es ESP,MF,Valladolid,23-073,1999,7.3,0.55,0,0,2.33,1.37,0,4.93,0.96,1.78,0,0,0,4.38,0.55,1.23,30.8,Matches,8ac501f5
321,Gonzalo Montiel,ar ARG,DF,Sevilla,25-328,1997,6.5,0.46,0.15,0,1.54,0.77,0.77,3.38,1.08,0.46,0,0,0,5.38,0.77,0.77,50,Matches,374d5158
323,Álvaro Morata,es ESP,FW,Atlético Madrid,30-033,1992,9.4,0.32,0,0,2.02,2.45,1.28,0.32,0,0.64,0,0,0,3.19,3.19,1.7,65.2,Matches,129af0db
326,Álex Moreno,es ESP,DF,Betis,29-170,1993,13,0.08,0,0,0.92,1.46,0.08,1.85,1.15,1.15,0,0.08,0,5.23,0.54,1.15,31.8,Matches,16e9d0ea
328,Tete Morente,es ESP,MF,Elche,25-356,1996,8,0.38,0,0,1.5,1.38,0.63,3.25,0.5,0.5,0,0,0,3.63,0.75,0.5,60,Matches,004d185e
334,Iker Muniain,es ESP,MFFW,Athletic Club,29-341,1992,8.8,0.11,0,0,0.57,3.86,0,5.45,0.34,0.45,0,0,0,4.2,0.11,0.8,12.5,Matches,c05dfb74
335,Aihen Muñoz,es ESP,DF,Real Sociedad,25-101,1997,7.4,0,0,0,1.49,0.54,0,2.3,0.41,1.22,0,0,0,3.65,1.08,1.22,47.1,Matches,228b0d9d
337,Vedat Muriqi,xk KVX,FW,Mallorca,28-215,1994,11.5,0.26,0.09,0,1.83,1.04,0.87,0.43,0.26,0.35,0,0,0,2.7,4.87,4.35,52.8,Matches,0cadc46d
338,Yunus Musah,us USA,MF,Valencia,19-361,2002,9.4,0.53,0,0,1.6,1.38,0.11,1.17,0.53,1.49,0,0,0,3.51,0.96,0.96,50,Matches,b51b1b9c
343,Jesús Navas,es ESP,DFFW,Sevilla,37-004,1985,7,0.43,0,0,0.14,2,0.14,5.71,0.43,0.57,0,0,0.14,5.29,0.57,0.71,44.4,Matches,3f10bd22
345,Tanguy Nianzou,fr FRA,DF,Sevilla,20-171,2002,7.1,0,0.14,0,0.42,0.85,0,0,1.13,1.27,0,0,0,4.51,1.41,0.56,71.4,Matches,5853ac44
346,Saúl Ñíguez,es ESP,MFDF,Atlético Madrid,28-004,1994,5.2,0.96,0,0,3.65,0.38,0.19,1.73,1.54,2.88,0,0,0,5,3.08,1.54,66.7,Matches,c14bc029
349,Unai Núñez,es ESP,DF,Celta Vigo,25-299,1997,13,0.23,0,0,1,0.92,0.08,0.08,1.77,0.54,0,0,0.08,5.69,2,1.77,53.1,Matches,be170419
350,Jan Oblak,si SVN,GK,Atlético Madrid,29-322,1993,11.7,0.09,0,0,0,0.26,0,0,0,0,0,0,0,1.03,0.09,0,100,Matches,ee8508c0
351,Brian Ocampo,uy URU,MFFW,Cádiz,23-153,1999,6.2,0.16,0,0,3.06,2.1,0.16,1.94,0.16,1.13,0,0,0,7.1,0.81,1.45,35.7,Matches,2e3995cd
353,Lucas Olaza,uy URU,DF,Valladolid,28-127,1994,7.1,0.28,0,0,0.85,1.27,0.14,5.77,0.99,1.27,0,0,0,4.37,1.97,2.68,42.4,Matches,4cee5954
354,Brian Oliván,es ESP,DF,Espanyol,28-238,1994,13.4,0.22,0,0,1.12,0.82,0.07,5,1.04,1.34,0,0,0,6.49,0.75,1.42,34.5,Matches,a3e4bf46
356,Aimar Oroz,es ESP,MFFW,Osasuna,20-363,2001,8.6,0.35,0,0,1.86,2.79,0.23,0.35,1.28,0.58,0,0,0,4.65,0.7,1.51,31.6,Matches,7c363088
359,Jon Pacheco,es ESP,DF,Real Sociedad,21-321,2001,7.5,0.27,0,0,1.2,0.67,0,0,0.8,0.93,0,0.13,0,4.13,1.73,2.27,43.3,Matches,44150beb
361,Helibelton Palacios,co COL,DF,Elche,29-167,1993,7.8,0.26,0,0,1.79,0.77,0,0.64,0.9,0.9,0,0,0,4.36,0.77,0.77,50,Matches,ac8b2421
362,Isaac Palazón Camacho,es ESP,FWMF,Rayo Vallecano,27-333,1994,11,0.09,0,0,1.09,3,0.27,5.91,0.36,1.27,0,0,0,5.64,0.73,2.45,22.9,Matches,49dbab27
364,Daniel Parejo,es ESP,MF,Villarreal,33-223,1989,13.6,0.15,0,0,0.81,1.76,0,4.63,0.74,0.96,0,0,0,5.81,0.29,0.51,36.4,Matches,7460ca0d
367,Gabriel Paulista,br BRA,DF,Valencia,31-364,1990,6.4,0.16,0,0,0.63,0.94,0,0,1.25,0.78,0,0,0,5,3.13,1.56,66.7,Matches,b7ca5c51
368,Alfonso Pedraza,es ESP,DF,Villarreal,26-230,1996,8.9,0.11,0,0,1.35,1.12,0.11,3.82,0.56,1.8,0,0,0,3.93,1.01,0.9,52.9,Matches,63f04c6c
369,Pedri,es ESP,MF,Barcelona,20-000,2002,11.4,0,0,0,0.35,1.93,0.18,0.35,0.79,0.96,0,0,0,5.61,0.09,0.18,33.3,Matches,0d9b2d31
370,Rubén Peña,es ESP,DFMF,Osasuna,31-130,1991,6.3,0.16,0.16,0,2.22,0.32,0,3.17,1.27,0.79,0,0,0,6.03,1.27,1.27,50,Matches,1f079188
372,Carles Pérez,es ESP,FWMF,Celta Vigo,24-282,1998,6.7,0.15,0,0,1.64,1.49,0.45,0.9,0.15,1.19,0,0,0,3.28,0.3,2.69,10,Matches,a8f21b9f
374,Kike Pérez,es ESP,MF,Valladolid,25-284,1997,10.7,0.19,0,0,1.78,2.52,0.28,2.99,0.75,0.65,0,0,0,6.17,1.21,0.84,59.1,Matches,237a3851
375,Lucas Pérez,es ESP,FW,Cádiz,34-076,1988,6.6,0.45,0,0,0.76,0.61,0.91,5.91,0.15,0.3,0,0,0,3.18,0.3,1.21,20,Matches,a300ac7e
377,Germán Pezzella,ar ARG,DF,Betis,31-151,1991,10.1,0.2,0.2,0,0.69,0.69,0,0.2,2.18,1.09,0,0,0,3.86,1.58,0.69,69.6,Matches,8c725b43
378,Yeremi Pino,es ESP,MFFW,Villarreal,20-036,2002,7.7,0.26,0,0,2.99,2.21,0.52,1.56,0.78,1.69,0,0,0,4.81,1.17,2.08,36,Matches,540ec57b
380,Óscar Plano,es ESP,FWMF,Valladolid,31-287,1991,9.2,0.11,0,0,0.98,2.61,0.33,1.2,1.3,1.09,0.11,0,0,4.78,1.41,2.17,39.4,Matches,7c388b20
381,Gonzalo Plata,ec ECU,FWMF,Valladolid,22-024,2000,6.6,0,0,0,0.61,1.67,0.15,0.91,0.61,1.21,0.15,0,0,4.39,0.3,1.67,15.4,Matches,54bcdeb0
382,Ezequiel Ponce,ar ARG,FW,Elche,25-241,1997,5.7,0.35,0,0,3.16,0.53,0.7,0.18,0,0.7,0,0,0,2.28,2.81,3.33,45.7,Matches,ccbbe661
386,Alejandro Pozo Pozo,es ESP,DF,Almería,23-276,1999,6.4,0,0,0,0.16,0.47,0,3.91,1.72,0.78,0,0,0,7.66,0.63,0.94,40,Matches,3c16d927
388,Javi Puado,es ESP,FWMF,Espanyol,24-184,1998,8.3,0,0,0,0.48,1.33,0.24,0.6,0.36,0.24,0,0,0,6.14,0.24,1.33,15.4,Matches,2683eda7
391,Antonio Raillo,es ESP,DF,Mallorca,31-048,1991,13,0.38,0,0,1.23,0.77,0,0,1.15,0.38,0.08,0,0,3.31,1.46,1.08,57.6,Matches,b857bd29
392,Predrag Rajković,rs SRB,GK,Mallorca,27-025,1995,14,0.07,0,0,0,0.21,0,0,0,0,0,0,0,0.86,0,0,,Matches,58ad9383
393,Ivan Rakitić,hr CRO,MF,Sevilla,34-260,1988,5.8,0.17,0.17,0,1.03,1.72,0.17,1.55,1.55,1.21,0,0,0,6.21,1.21,1.03,53.8,Matches,89f951b5
394,Largie Ramazani,be BEL,FW,Almería,21-271,2001,8.9,0.45,0,0,2.02,1.12,0.9,0.67,0.56,0.56,0,0,0,4.27,0.22,0.9,20,Matches,cc9256ef
395,Raphinha,br BRA,FW,Barcelona,25-346,1996,6.3,0.16,0,0,0.79,1.43,0.63,7.3,0.79,1.11,0,0,0,4.6,0.32,0.16,66.7,Matches,3423f250
399,Álex Remiro,es ESP,GK,Real Sociedad,27-246,1995,14,0,0,0,0,0,0,0,0,0,0,0,0,1.21,0.29,0,100,Matches,374ee424
403,Diego Rico,es ESP,DF,Real Sociedad,29-275,1993,6.6,0.15,0,0,1.21,2.12,0,3.48,0.76,1.67,0,0,0,6.06,0.61,0.45,57.1,Matches,d9ba39fc
404,Rodrigo Riquelme,es ESP,MFFW,Girona,22-237,2000,8.8,0,0,0,1.02,1.82,0.34,2.16,0.34,0,0,0,0,3.3,0.11,0.91,11.1,Matches,65154df0
406,Lucas Robertone,ar ARG,MF,Almería,25-252,1997,11.3,0.27,0,0,1.33,2.65,0.18,4.6,1.42,0.71,0,0,0,5.31,0.62,1.5,29.2,Matches,a8981944
407,Enzo Roco,cl CHI,DF,Elche,30-101,1992,8.8,0.23,0,0,1.93,0.8,0,0,0.68,0.68,0,0.11,0,4.55,1.59,0.57,73.7,Matches,37f827ec
408,Rodrigo,es ESP,FW,Betis,22-193,2000,7.7,0,0,0,0.39,1.95,0.13,2.08,0.78,0.52,0.13,0,0,4.68,0,0.65,0,Matches,85bed4ee
410,Óscar Rodríguez Arnaiz,es ESP,MF,Celta Vigo,24-150,1998,11.1,0.18,0,0,1.26,1.53,0.09,4.32,1.17,1.44,0,0,0,5.95,0.72,1.08,40,Matches,19709006
411,Dani Rodríguez,es ESP,MF,Mallorca,34-172,1988,7.7,0.65,0,0,1.95,1.17,0.13,1.3,1.3,0.78,0,0,0,5.58,0.26,1.95,11.8,Matches,70f8e0bd
412,Guido Rodríguez,ar ARG,MF,Betis,28-227,1994,11.6,0.17,0,0,1.38,1.72,0.09,0.26,1.12,2.16,0,0,0,6.38,1.03,1.03,50,Matches,34e393f2
413,Rodrygo,br BRA,FW,Real Madrid,21-320,2001,10.1,0.1,0,0,0.89,1.78,0.3,0.79,0.3,0.4,0.1,0,0,1.88,0.79,0.99,44.4,Matches,8f5e92a6
415,Oriol Romeu,es ESP,MF,Girona,31-062,1991,11,0.36,0,0,2.18,0.55,0,0.82,1.27,1.45,0,0,0,5.27,1.09,1.27,46.2,Matches,4b511457
417,Antonio Rüdiger,de GER,DF,Real Madrid,29-267,1993,7.6,0.13,0,0,0.26,0,0,0.26,0.53,0.39,0,0,0,6.45,1.58,0.53,75,Matches,18b896d6
418,Aitor Ruibal,es ESP,DFFW,Betis,26-248,1996,6.3,0.16,0,0,2.06,0.95,0.32,1.11,2.06,1.27,0,0,0,4.76,0.63,0.95,40,Matches,a55d8df5
420,Gerónimo Rulli,ar ARG,GK,Villarreal,30-189,1992,14,0.07,0,0,0,0.07,0,0,0.07,0,0,0,0,1.43,0.21,0,100,Matches,625c144a
422,Youssouf Sabaly,sn SEN,DF,Betis,29-265,1993,7,0,0,0,0.86,2.14,0,0.57,1.14,0.86,0,0,0,6.57,0.43,0.86,33.3,Matches,fbbb9269
427,Samuel,br BRA,FWMF,Valencia,22-337,1999,13.5,0.22,0,0,1.41,1.7,0.52,2.89,0.3,1.19,0.15,0,0,4.15,0.52,0.96,35,Matches,2a295d33
428,Fede San Emeterio,es ESP,MF,Cádiz,25-254,1997,8.8,0.45,0,0,2.73,1.48,0,0,0.34,0.45,0,0,0,2.95,1.02,0.91,52.9,Matches,efecd633
429,Oihan Sancet,es ESP,MF,Athletic Club,22-214,2000,10.4,0.19,0,0,1.35,2.02,0.1,0.38,0.29,0.38,0,0,0,5.77,0.77,0.48,61.5,Matches,bdb624a3
430,Antonio Sánchez,es ESP,MF,Mallorca,25-328,1997,6.4,0.63,0,0,2.19,1.72,0,2.03,1.25,0.47,0.16,0.16,0,6.88,0.63,0.78,44.4,Matches,a254bbe0
431,Iván Sánchez,es ESP,FWMF,Valladolid,30-063,1992,6.2,0,0,0,0.97,2.74,0.16,2.74,0.16,0.81,0,0,0,4.35,0,0.48,0,Matches,70107d4d
432,Javi Sánchez,es ESP,DF,Valladolid,25-256,1997,11.1,0.36,0,0,1.17,0.27,0,0.18,1.62,0.72,0,0,0,4.14,1.71,1.35,55.9,Matches,60359288
433,Manuel Sánchez,es ESP,DF,Osasuna,22-093,2000,5.2,0,0,0,0.96,0.77,0,4.42,0.96,2.12,0.19,0,0,4.62,0.77,0.58,57.1,Matches,ffacd3d5
435,Stefan Savić,me MNE,DF,Atlético Madrid,31-321,1991,9.8,0.2,0,0,1.63,0.31,0,0,1.63,1.33,0,0,0,4.8,2.45,1.43,63.2,Matches,f6ac68c1
437,David Silva,es ESP,MF,Real Sociedad,36-321,1986,9.1,0.22,0,0,0.88,0.99,0,1.43,0.55,0.66,0,0,0,4.29,0.33,0.77,30,Matches,e2716bd0
438,Rui Silva,pt POR,GK,Betis,28-291,1994,12,0.17,0,0,0,0,0,0,0,0.08,0,0,0,2,0.25,0,100,Matches,ea83bfa6
439,Unai Simón,es ESP,GK,Athletic Club,25-167,1997,14,0.07,0,0,0,0,0,0,0,0,0,0,0,1.36,0,0,,Matches,5dcf3e90
440,Rubén Sobrino,es ESP,MFFW,Cádiz,30-177,1992,8.9,0.34,0,0,2.25,1.8,0.34,0.34,0.67,0.56,0,0,0,5.06,2.02,2.58,43.9,Matches,19b776e9
444,David Soria,es ESP,GK,Getafe,29-235,1993,14,0.07,0,0,0.07,0,0,0,0,0,0,0,0,0.93,0.21,0,100,Matches,8f8c6934
446,Vinicius Souza,br BRA,MF,Espanyol,23-161,1999,13.2,0.3,0,0,2.73,1.36,0,0.23,2.2,2.58,0,0,0,5.68,2.8,2.35,54.4,Matches,6a8a7af8
447,Jørgen Strand Larsen,no NOR,FW,Celta Vigo,22-292,2000,7.7,0.39,0,0,2.47,2.73,0.65,0,0.13,0.13,0.13,0,0,2.08,2.21,2.21,50,Matches,f553b2b3
449,Damián Suárez,uy URU,DF,Getafe,34-212,1988,6.1,0.33,0,0,1.8,0.33,0,6.56,0.82,1.15,0,0,0,4.92,0.98,0,100,Matches,ba5004e1
453,Alexander Sørloth,no NOR,FW,Real Sociedad,26-355,1995,9.1,0.11,0,0,1.54,0.33,0.44,0.11,0,0.33,0,0,0,2.97,1.87,1.32,58.6,Matches,e92cd3f7
454,Renato Tapia,pe PER,MF,Celta Vigo,27-120,1995,7.1,0.28,0,0,1.13,0.99,0,0.56,1.13,1.41,0,0.14,0,5.07,1.55,0.99,61.1,Matches,34269bdf
455,Aurélien Tchouaméni,fr FRA,MF,Real Madrid,22-302,2000,10,0.1,0,0,1.6,1.1,0,0.5,2.1,1.5,0,0,0,5.4,2.1,1.1,65.6,Matches,4f255115
456,Alex Telles,br BRA,DF,Sevilla,29-345,1992,8.4,0.48,0,0,1.67,0.95,0.12,6.67,0.83,0.6,0,0,0,4.52,1.43,0.95,60,Matches,e73c9bb2
457,Marc-André ter Stegen,de GER,GK,Barcelona,30-209,1992,14,0,0,0,0,0,0,0,0.07,0,0,0,0,1.57,0.21,0,100,Matches,6f51e382
460,Ferrán Torres,es ESP,FWMF,Barcelona,22-269,2000,6.3,0.48,0,0,1.11,2.22,0.48,1.9,0.16,0.32,0,0,0,3.65,0.16,0.48,25,Matches,9e1035f8
461,Óliver Torres,es ESP,MFFW,Sevilla,28-015,1994,9.4,0.11,0,0,0.74,2.02,0.32,1.49,0.74,0.96,0,0,0,6.49,0.11,0.53,16.7,Matches,58a9a4d9
462,Pau Torres,es ESP,DF,Villarreal,25-313,1997,13,0.38,0,0,0.85,0.77,0,0.08,0.23,0.38,0,0,0,5.08,1.38,1.77,43.9,Matches,532e1e4f
464,Lucas Torró,es ESP,MF,Osasuna,28-129,1994,12.5,0.4,0,0,2.08,1.36,0,0.08,1.04,1.04,0,0,0,6.16,2.08,1.84,53.1,Matches,0e4fef6e
466,Óscar Trejo,ar ARG,MFFW,Rayo Vallecano,34-213,1988,9.3,0.65,0,0,3.23,3.55,0,2.04,0.22,1.51,0,0,0,5.59,0.65,2.04,24,Matches,fc647b34
469,Enes Ünal,tr TUR,FW,Getafe,25-199,1997,13.5,0.22,0,0,1.56,2.89,0.74,0.67,0,0.44,0,0,0,2.81,4.59,4.74,49.2,Matches,f8eca1b6
471,Óscar Valentín,es ESP,MF,Rayo Vallecano,28-097,1994,10.6,0.47,0,0,2.92,1.51,0.09,0.19,1.79,2.08,0,0,0,6.89,1.04,0.94,52.4,Matches,592f3158
474,Martin Valjent,sk SVK,DF,Mallorca,26-349,1995,12.8,0.39,0,0,1.17,0.31,0,0.08,1.33,0.7,0,0,0,3.83,0.78,0.23,76.9,Matches,f2c6ac01
476,Federico Valverde,uy URU,FWMF,Real Madrid,24-126,1998,12.3,0.08,0,0,0.33,0.73,0.16,0.81,0.41,0.65,0,0,0,4.8,0.98,0.24,80,Matches,0959c2a2
480,Gabriel Veiga,es ESP,MF,Celta Vigo,20-182,2002,6.4,0.47,0.16,0,1.88,0.78,0,1.25,0.78,1.09,0,0,0,4.22,1.25,0.63,66.7,Matches,35a6e5c7
483,Mikel Vesga,es ESP,MF,Athletic Club,29-188,1993,10.3,0.19,0,0,1.46,1.07,0,0.58,1.55,1.46,0.1,0,0,7.18,1.84,1.46,55.9,Matches,b0fce72c
484,Aleix Vidal,es ESP,FWMF,Espanyol,33-096,1989,5,0.6,0,0,1.8,1.6,0.2,2.2,0.8,0.4,0,0,0,4.6,0.4,0.6,40,Matches,4965583
485,Nacho Vidal,es ESP,DF,Osasuna,27-305,1995,9.9,0.2,0,0,2.12,1.21,0,2.02,1.72,1.21,0,0,0,4.95,1.82,0.71,72,Matches,3a9c4b7b
489,Daniel Vivian,es ESP,DF,Athletic Club,23-133,1999,7.1,0.14,0,0,0.99,0.85,0,0.42,1.55,0.85,0,0,0,8.03,1.69,1.69,50,Matches,ab7bf91d
490,Shon Weissman,il ISR,FW,Valladolid,26-284,1996,6.2,0.16,0,0,0.65,0.81,1.13,0.32,0.16,0.16,0,0,0,2.42,0.65,2.74,19,Matches,379dc075
491,Iñaki Williams,gh GHA,FW,Athletic Club,28-163,1994,12.7,0,0,0,0.87,1.1,1.18,1.73,0.16,0.47,0,0,0,2.28,0.87,1.26,40.7,Matches,6a99e0b1
492,Nico Williams,es ESP,FW,Athletic Club,20-136,2002,11.9,0,0,0,0.34,1.09,0.5,4.87,0.25,0.59,0.08,0,0,4.62,0.42,0.92,31.3,Matches,afdc14d7
493,Axel Witsel,be BEL,DFMF,Atlético Madrid,33-317,1989,11.9,0.17,0,0,0.76,0.59,0,0.17,0.92,0.59,0,0,0,4.87,1.51,1.26,54.5,Matches,5dfc6ad5
495,Joseba Zaldúa,es ESP,DF,Cádiz,30-154,1992,7.1,0.56,0,0,1.55,0.56,0.28,1.69,1.55,1.13,0,0,0,3.24,2.68,1.69,61.3,Matches,5ca20b7a
497,Igor Zubeldia,es ESP,DF,Real Sociedad,25-240,1997,8,0.5,0,0,2,0.75,0,0.25,0.88,0.75,0,0,0,3.63,1.5,1.88,44.4,Matches,5c7845f6
498,Martín Zubimendi,es ESP,MF,Real Sociedad,23-296,1999,12.8,0.31,0,0,1.72,0.86,0.08,0.08,1.02,1.02,0,0,0,5.55,2.58,0.86,75,Matches,3ee0dd59